{
  "name": "TM1637TinyDisplay",
  "version": "1.10.0",
  "keywords": "TM1637, tiny, LED, display",
  "description": "A simple library to display numbers, text and animation on a 4 and 6 digit 7-segment TM1637 based display modules. Offers non-blocking animations and scrolling!",
  "repository": {
    "type": "git",
    "url": "https://github.com/jasonacox/TM1637TinyDisplay.git"
  },
  "authors": {
    "name": "Jason Cox",
    "url": "https://jasonacox.com"
  },
  "frameworks": "arduino",
  "platforms": "*"
}
